{
    "type": "minecraft:crafting_shapeless",
    "ingredients": [
        {
            "item": "minecraft:green_dye"
        },
        {
            "item": "minecraft:lime_dye"
        },
        {
            "item": "minecraft:yellow_dye"
        },
        {
            "item": "minecraft:red_dye"
        },
        {
            "item": "minecraft:painting"
        },
        {
            "item": "minecraft:orange_dye"
        }
    ],
    "result": {
        "id": "minecraft:painting",
        "count": 1,
        "components":{
			"entity_data":{
				"variant": 									"alban","id":"minecraft:painting"
			},
			"custom_model_data": 3
		}
	}
}
