{
    "type": "minecraft:crafting_shapeless",
    "ingredients": [
        {
            "item": "minecraft:black_dye"
        },
        {
            "item": "minecraft:blue_dye"
        },
        {
            "item": "minecraft:green_dye"
        },
        {
            "item": "minecraft:white_dye"
        },
        {
            "item": "minecraft:painting"
        },
        {
            "item": "minecraft:light_gray_dye"
        },
        {
            "item": "minecraft:yellow_dye"
        },
        {
            "item": "minecraft:orange_dye"
        },
        {
            "item": "minecraft:red_dye"
        }
    ],
    "result": {
        "id": "minecraft:painting",
        "count": 1,
        "components":{
			"entity_data":{
				"variant": 									"burning_skull","id":"minecraft:painting"
			},
			"custom_model_data": 26
		}
	}
}