{
    "type": "minecraft:crafting_shapeless",
    "ingredients": [
        {
            "item": "minecraft:black_dye"
        },
        {
            "item": "minecraft:brown_dye"
        },
        {
            "item": "minecraft:gray_dye"
        },
        {
            "item": "minecraft:brown_dye"
        },
        {
            "item": "minecraft:painting"
        },
        {
            "item": "minecraft:brown_dye"
        },
        {
            "item": "minecraft:orange_dye"
        },
        {
            "item": "minecraft:brown_dye"
        },
        {
            "item": "minecraft:yellow_dye"
        }
    ],
    "result": {
        "id": "minecraft:painting",
        "count": 1,
        "components":{
			"entity_data":{
				"variant": 									"earth","id":"minecraft:painting"
			},
			"custom_model_data": 27
		}
	}
}
