{
    "type": "minecraft:crafting_shapeless",
    "ingredients": [
        {
            "item": "minecraft:black_dye"
        },
        {
            "item": "minecraft:brown_dye"
        },
        {
            "item": "minecraft:red_dye"
        },
        {
            "item": "minecraft:blue_dye"
        },
        {
            "item": "minecraft:painting"
        },
        {
            "item": "minecraft:yellow_dye"
        },
        {
            "item": "minecraft:purple_dye"
        },
        {
            "item": "minecraft:pink_dye"
        },
        {
            "item": "minecraft:white_dye"
        }
    ],
    "result": {
        "id": "minecraft:painting",
        "count": 1,
        "components":{
			"entity_data":{
				"variant": 									"pigscene","id":"minecraft:painting"
			},
			"custom_model_data": 25
		}
	}
}