{
    "type": "minecraft:crafting_shapeless",
    "ingredients": [
        {
            "item": "minecraft:black_dye"
        },
        {
            "item": "minecraft:gray_dye"
        },
        {
            "item": "minecraft:red_dye"
        },
        {
            "item": "minecraft:light_gray_dye"
        },
        {
            "item": "minecraft:painting"
        },
        {
            "item": "minecraft:magenta_dye"
        },
        {
            "item": "minecraft:light_blue_dye"
        },
        {
            "item": "minecraft:yellow_dye"
        },
        {
            "item": "minecraft:white_dye"
        }
    ],
    "result": {
        "id": "minecraft:painting",
        "count": 1,
        "components":{
			"entity_data":{
				"variant": 									"stage","id":"minecraft:painting"
			},
			"custom_model_data": 17
		}
	}
}